-- phpMyAdmin SQL Dump
-- version 5.0.4
-- https://www.phpmyadmin.net/
--
-- Host: 127.0.0.1
-- Waktu pembuatan: 19 Jan 2022 pada 08.57
-- Versi server: 10.4.17-MariaDB
-- Versi PHP: 7.4.13

SET SQL_MODE = "NO_AUTO_VALUE_ON_ZERO";
START TRANSACTION;
SET time_zone = "+00:00";


/*!40101 SET @OLD_CHARACTER_SET_CLIENT=@@CHARACTER_SET_CLIENT */;
/*!40101 SET @OLD_CHARACTER_SET_RESULTS=@@CHARACTER_SET_RESULTS */;
/*!40101 SET @OLD_COLLATION_CONNECTION=@@COLLATION_CONNECTION */;
/*!40101 SET NAMES utf8mb4 */;

--
-- Database: `bukapedia`
--

-- --------------------------------------------------------

--
-- Struktur dari tabel `cart`
--

CREATE TABLE `cart` (
  `idcart` int(11) NOT NULL,
  `orderid` varchar(100) NOT NULL,
  `userid` int(11) NOT NULL,
  `tglorder` timestamp NOT NULL DEFAULT current_timestamp(),
  `status` varchar(10) NOT NULL DEFAULT 'Cart'
) ENGINE=InnoDB DEFAULT CHARSET=utf8mb4;

--
-- Dumping data untuk tabel `cart`
--

INSERT INTO `cart` (`idcart`, `orderid`, `userid`, `tglorder`, `status`) VALUES
(10, '15wKVT0nej25Y', 2, '2020-03-16 12:10:42', 'Selesai'),
(11, '15Swf8Ye0Fm.M', 2, '2020-03-16 12:17:34', 'Cart'),
(12, '15PzF03ejd8W2', 1, '2020-05-13 02:40:48', 'Pengiriman'),
(13, '16Jz24s8D4B8k', 3, '2022-01-05 05:39:23', 'Pengiriman'),
(14, '16.huRY/mySN6', 3, '2022-01-05 06:00:23', 'Selesai'),
(15, '168mk0JmD8tUI', 4, '2022-01-18 03:34:57', 'Selesai'),
(16, '16UyrGvfFFVUY', 4, '2022-01-18 06:36:20', 'Selesai');

-- --------------------------------------------------------

--
-- Struktur dari tabel `detailorder`
--

CREATE TABLE `detailorder` (
  `detailid` int(11) NOT NULL,
  `orderid` varchar(100) NOT NULL,
  `idproduk` int(11) NOT NULL,
  `qty` int(11) NOT NULL
) ENGINE=InnoDB DEFAULT CHARSET=utf8mb4;

--
-- Dumping data untuk tabel `detailorder`
--

INSERT INTO `detailorder` (`detailid`, `orderid`, `idproduk`, `qty`) VALUES
(13, '15wKVT0nej25Y', 1, 100),
(14, '15PzF03ejd8W2', 2, 1),
(15, '16Jz24s8D4B8k', 2, 1),
(16, '16.huRY/mySN6', 1, 2),
(17, '168mk0JmD8tUI', 1, 1),
(18, '16UyrGvfFFVUY', 6, 2);

-- --------------------------------------------------------

--
-- Struktur dari tabel `kategori`
--

CREATE TABLE `kategori` (
  `idkategori` int(11) NOT NULL,
  `namakategori` varchar(20) NOT NULL,
  `tgldibuat` timestamp NOT NULL DEFAULT current_timestamp()
) ENGINE=InnoDB DEFAULT CHARSET=utf8mb4;

--
-- Dumping data untuk tabel `kategori`
--

INSERT INTO `kategori` (`idkategori`, `namakategori`, `tgldibuat`) VALUES
(1, 'Bunga Tangkai', '2019-12-20 07:28:34'),
(2, 'Bunga Papan', '2019-12-20 07:34:17'),
(3, 'Bunga Hidup', '2020-03-16 12:15:40'),
(4, 'Mainan Anak', '2022-01-05 06:03:23');

-- --------------------------------------------------------

--
-- Struktur dari tabel `konfirmasi`
--

CREATE TABLE `konfirmasi` (
  `idkonfirmasi` int(11) NOT NULL,
  `orderid` varchar(100) NOT NULL,
  `userid` int(11) NOT NULL,
  `payment` varchar(10) NOT NULL,
  `namarekening` varchar(25) NOT NULL,
  `tglbayar` date NOT NULL,
  `tglsubmit` timestamp NOT NULL DEFAULT current_timestamp()
) ENGINE=InnoDB DEFAULT CHARSET=utf8mb4;

-- --------------------------------------------------------

--
-- Struktur dari tabel `login`
--

CREATE TABLE `login` (
  `userid` int(11) NOT NULL,
  `namalengkap` varchar(50) NOT NULL,
  `email` varchar(50) NOT NULL,
  `password` varchar(150) NOT NULL,
  `notelp` varchar(15) NOT NULL,
  `alamat` varchar(100) NOT NULL,
  `tgljoin` timestamp NOT NULL DEFAULT current_timestamp(),
  `role` varchar(7) NOT NULL DEFAULT 'Member',
  `lastlogin` timestamp NULL DEFAULT NULL
) ENGINE=InnoDB DEFAULT CHARSET=utf8mb4;

--
-- Dumping data untuk tabel `login`
--

INSERT INTO `login` (`userid`, `namalengkap`, `email`, `password`, `notelp`, `alamat`, `tgljoin`, `role`, `lastlogin`) VALUES
(1, 'Admin', 'admin@gmail.com', '$2y$10$GJVGd4ji3QE8ikTBzNyA0uLQhiGd6MirZeSJV1O6nUpjSVp1eaKzS', '01234567890', 'Indonesia', '2020-03-16 11:31:17', 'Admin', NULL),
(2, 'Guest', 'guest', '$2y$10$xXEMgj5pMT9EE0QAx3QW8uEn155Je.FHH5SuIATxVheOt0Z4rhK6K', '01234567890', 'Indonesia', '2020-03-16 11:30:40', 'Member', NULL),
(3, 'Pacil', 'faris@gmailcom', '$2y$10$Y.rux8InGuDfbz7uJZGdEeMbR5l6oJEA4pdtvjiDO8Icq9x0hRiPy', '081288883333', 'Bekasi', '2022-01-05 05:38:55', 'Member', NULL),
(4, 'Meny', 'meny.kun9@gmail.com', '$2y$10$ga8JfJESyKP8AUKUVYwapevmBSATlufn8UDAygW3QscSoJKF7phO2', '08123456789', 'Depok', '2022-01-18 03:34:35', 'Member', NULL);

-- --------------------------------------------------------

--
-- Struktur dari tabel `pembayaran`
--

CREATE TABLE `pembayaran` (
  `no` int(11) NOT NULL,
  `metode` varchar(25) NOT NULL,
  `norek` varchar(25) NOT NULL,
  `logo` text DEFAULT NULL,
  `an` varchar(20) NOT NULL
) ENGINE=InnoDB DEFAULT CHARSET=utf8mb4;

--
-- Dumping data untuk tabel `pembayaran`
--

INSERT INTO `pembayaran` (`no`, `metode`, `norek`, `logo`, `an`) VALUES
(1, 'Bank BCA', '123432156', 'images/bca.jpg', 'Bukapedia'),
(2, 'Bank Mandiri', '9876545678', 'images/mandiri.jpg', 'Bukapedia'),
(3, 'DANA', '08122223333', 'images/dana.png', 'Bukapedia');

-- --------------------------------------------------------

--
-- Struktur dari tabel `produk`
--

CREATE TABLE `produk` (
  `idproduk` int(11) NOT NULL,
  `idkategori` int(11) NOT NULL,
  `namaproduk` varchar(30) NOT NULL,
  `gambar` varchar(100) NOT NULL,
  `deskripsi` varchar(200) NOT NULL,
  `rate` int(11) NOT NULL,
  `hargabefore` int(11) NOT NULL,
  `hargaafter` int(11) NOT NULL,
  `tgldibuat` timestamp NOT NULL DEFAULT current_timestamp()
) ENGINE=InnoDB DEFAULT CHARSET=utf8mb4;

--
-- Dumping data untuk tabel `produk`
--

INSERT INTO `produk` (`idproduk`, `idkategori`, `namaproduk`, `gambar`, `deskripsi`, `rate`, `hargabefore`, `hargaafter`, `tgldibuat`) VALUES
(1, 1, 'Mawar Merah', 'produk/7443a12318c5f4f29059d243fd14f447.png', 'Setangkai mawar merah', 5, 23000, 19000, '2019-12-20 09:10:26'),
(2, 1, 'Mawar Putih', 'produk/15kwuDMbYtraw.png', 'Setangkai mawar putih', 4, 24000, 19500, '2019-12-20 09:24:13'),
(3, 3, 'Bunga Hidup', 'produk/15Ak7lFMfvuJc.jpg', 'Bunga Hidup', 5, 25000, 15000, '2020-03-16 12:16:53'),
(4, 4, 'Hot Wheels', 'produk/download.jpg', 'Mainan anak yang masih tenar sampai kalangan dewasa', 4, 200000, 190000, '2022-01-05 06:08:20'),
(5, 4, 'Kartu Karakter', 'produk/16er2jn.HOOyQ.jpg', 'Mainan anak seru', 4, 10000, 8000, '2022-01-05 06:13:40'),
(6, 4, 'Nerf Gun', 'produk/16KQ1URhYtJH2.jpg', 'Mainan anak yang buat nembak', 5, 300000, 280000, '2022-01-05 06:22:46');

--
-- Indexes for dumped tables
--

--
-- Indeks untuk tabel `cart`
--
ALTER TABLE `cart`
  ADD PRIMARY KEY (`idcart`),
  ADD UNIQUE KEY `orderid` (`orderid`),
  ADD KEY `orderid_2` (`orderid`);

--
-- Indeks untuk tabel `detailorder`
--
ALTER TABLE `detailorder`
  ADD PRIMARY KEY (`detailid`),
  ADD KEY `orderid` (`orderid`),
  ADD KEY `idproduk` (`idproduk`);

--
-- Indeks untuk tabel `kategori`
--
ALTER TABLE `kategori`
  ADD PRIMARY KEY (`idkategori`);

--
-- Indeks untuk tabel `konfirmasi`
--
ALTER TABLE `konfirmasi`
  ADD PRIMARY KEY (`idkonfirmasi`),
  ADD KEY `userid` (`userid`);

--
-- Indeks untuk tabel `login`
--
ALTER TABLE `login`
  ADD PRIMARY KEY (`userid`);

--
-- Indeks untuk tabel `pembayaran`
--
ALTER TABLE `pembayaran`
  ADD PRIMARY KEY (`no`);

--
-- Indeks untuk tabel `produk`
--
ALTER TABLE `produk`
  ADD PRIMARY KEY (`idproduk`),
  ADD KEY `idkategori` (`idkategori`);

--
-- AUTO_INCREMENT untuk tabel yang dibuang
--

--
-- AUTO_INCREMENT untuk tabel `cart`
--
ALTER TABLE `cart`
  MODIFY `idcart` int(11) NOT NULL AUTO_INCREMENT, AUTO_INCREMENT=17;

--
-- AUTO_INCREMENT untuk tabel `detailorder`
--
ALTER TABLE `detailorder`
  MODIFY `detailid` int(11) NOT NULL AUTO_INCREMENT, AUTO_INCREMENT=19;

--
-- AUTO_INCREMENT untuk tabel `kategori`
--
ALTER TABLE `kategori`
  MODIFY `idkategori` int(11) NOT NULL AUTO_INCREMENT, AUTO_INCREMENT=5;

--
-- AUTO_INCREMENT untuk tabel `konfirmasi`
--
ALTER TABLE `konfirmasi`
  MODIFY `idkonfirmasi` int(11) NOT NULL AUTO_INCREMENT, AUTO_INCREMENT=5;

--
-- AUTO_INCREMENT untuk tabel `login`
--
ALTER TABLE `login`
  MODIFY `userid` int(11) NOT NULL AUTO_INCREMENT, AUTO_INCREMENT=5;

--
-- AUTO_INCREMENT untuk tabel `pembayaran`
--
ALTER TABLE `pembayaran`
  MODIFY `no` int(11) NOT NULL AUTO_INCREMENT, AUTO_INCREMENT=4;

--
-- AUTO_INCREMENT untuk tabel `produk`
--
ALTER TABLE `produk`
  MODIFY `idproduk` int(11) NOT NULL AUTO_INCREMENT, AUTO_INCREMENT=7;

--
-- Ketidakleluasaan untuk tabel pelimpahan (Dumped Tables)
--

--
-- Ketidakleluasaan untuk tabel `detailorder`
--
ALTER TABLE `detailorder`
  ADD CONSTRAINT `idproduk` FOREIGN KEY (`idproduk`) REFERENCES `produk` (`idproduk`) ON DELETE CASCADE ON UPDATE CASCADE,
  ADD CONSTRAINT `orderid` FOREIGN KEY (`orderid`) REFERENCES `cart` (`orderid`) ON DELETE CASCADE ON UPDATE CASCADE;

--
-- Ketidakleluasaan untuk tabel `konfirmasi`
--
ALTER TABLE `konfirmasi`
  ADD CONSTRAINT `userid` FOREIGN KEY (`userid`) REFERENCES `login` (`userid`) ON DELETE CASCADE ON UPDATE CASCADE;

--
-- Ketidakleluasaan untuk tabel `produk`
--
ALTER TABLE `produk`
  ADD CONSTRAINT `idkategori` FOREIGN KEY (`idkategori`) REFERENCES `kategori` (`idkategori`) ON DELETE CASCADE ON UPDATE CASCADE;
COMMIT;

/*!40101 SET CHARACTER_SET_CLIENT=@OLD_CHARACTER_SET_CLIENT */;
/*!40101 SET CHARACTER_SET_RESULTS=@OLD_CHARACTER_SET_RESULTS */;
/*!40101 SET COLLATION_CONNECTION=@OLD_COLLATION_CONNECTION */;
